Sbswat,SB_CODE,SB_NAME_T,MB_CODE,MBASIN_T,fraction
1,605,แม่น้ำปิงส่วนที่ 2/1,6,ปิง,0.017808559
1,606,น้ำแม่ริม,6,ปิง,0.001165297
2,603,แม่น้ำปิงตอนบนส่วนที่ 2,6,ปิง,0.016865893
2,605,แม่น้ำปิงส่วนที่ 2/1,6,ปิง,0.000106357
3,602,น้ำแม่งัด,6,ปิง,0.016469155
4,602,น้ำแม่งัด,6,ปิง,0.048502699
5,603,แม่น้ำปิงตอนบนส่วนที่ 2,6,ปิง,0.000378307
5,605,แม่น้ำปิงส่วนที่ 2/1,6,ปิง,0.282400512
5,608,น้ำแม่กวง,6,ปิง,1.02E-05
6,603,แม่น้ำปิงตอนบนส่วนที่ 2,6,ปิง,0.000279048
6,605,แม่น้ำปิงส่วนที่ 2/1,6,ปิง,0.068138708
7,610,น้ำแม่ขาน,6,ปิง,5.78E-05
7,606,น้ำแม่ริม,6,ปิง,0.064266042
8,603,แม่น้ำปิงตอนบนส่วนที่ 2,6,ปิง,0.11734387
8,605,แม่น้ำปิงส่วนที่ 2/1,6,ปิง,0.000559424
9,604,แม่น้ำแม่แตง,6,ปิง,2.35E-05
9,605,แม่น้ำปิงส่วนที่ 2/1,6,ปิง,0.068819145
10,603,แม่น้ำปิงตอนบนส่วนที่ 2,6,ปิง,0.057863486
10,602,น้ำแม่งัด,6,ปิง,0.000103452
11,604,แม่น้ำแม่แตง,6,ปิง,0.007106314
11,605,แม่น้ำปิงส่วนที่ 2/1,6,ปิง,0.062307192
12,604,แม่น้ำแม่แตง,6,ปิง,0.000347135
12,601,แม่น้ำปิงตอนบนส่วนที่ 1,6,ปิง,0.000148792
12,603,แม่น้ำปิงตอนบนส่วนที่ 2,6,ปิง,0.125222323
13,604,แม่น้ำแม่แตง,6,ปิง,0.008536482
13,605,แม่น้ำปิงส่วนที่ 2/1,6,ปิง,0.247027341
13,606,น้ำแม่ริม,6,ปิง,0.001046798
14,601,แม่น้ำปิงตอนบนส่วนที่ 1,6,ปิง,3.23E-05
14,602,น้ำแม่งัด,6,ปิง,0.023374703
15,601,แม่น้ำปิงตอนบนส่วนที่ 1,6,ปิง,2.52E-05
15,602,น้ำแม่งัด,6,ปิง,0.024912533
16,602,น้ำแม่งัด,6,ปิง,0.01294196
17,607,แม่น้ำปิงส่วนที่ 2/2,6,ปิง,0.011364201
18,607,แม่น้ำปิงส่วนที่ 2/2,6,ปิง,0.00069207
19,607,แม่น้ำปิงส่วนที่ 2/2,6,ปิง,0.005579431
19,608,น้ำแม่กวง,6,ปิง,0.000406312
20,607,แม่น้ำปิงส่วนที่ 2/2,6,ปิง,0.000408977
20,608,น้ำแม่กวง,6,ปิง,7.45E-07
21,607,แม่น้ำปิงส่วนที่ 2/2,6,ปิง,0.001449606
21,608,น้ำแม่กวง,6,ปิง,2.99E-05
22,607,แม่น้ำปิงส่วนที่ 2/2,6,ปิง,0.000576362
22,608,น้ำแม่กวง,6,ปิง,7.12E-06
23,607,แม่น้ำปิงส่วนที่ 2/2,6,ปิง,0.012968229
23,608,น้ำแม่กวง,6,ปิง,8.05E-05
24,605,แม่น้ำปิงส่วนที่ 2/1,6,ปิง,1.06E-05
24,607,แม่น้ำปิงส่วนที่ 2/2,6,ปิง,0.010109544
24,608,น้ำแม่กวง,6,ปิง,0.000203258
24,606,น้ำแม่ริม,6,ปิง,1.63E-05
25,605,แม่น้ำปิงส่วนที่ 2/1,6,ปิง,0.009371025
25,607,แม่น้ำปิงส่วนที่ 2/2,6,ปิง,5.39E-06
25,608,น้ำแม่กวง,6,ปิง,3.12E-05
25,606,น้ำแม่ริม,6,ปิง,0.000684912
26,605,แม่น้ำปิงส่วนที่ 2/1,6,ปิง,0.016598742
26,608,น้ำแม่กวง,6,ปิง,0.000105277
26,606,น้ำแม่ริม,6,ปิง,0.000408051
27,607,แม่น้ำปิงส่วนที่ 2/2,6,ปิง,1.97E-05
27,610,น้ำแม่ขาน,6,ปิง,0.007226128
28,610,น้ำแม่ขาน,6,ปิง,0.002533708
29,607,แม่น้ำปิงส่วนที่ 2/2,6,ปิง,5.19E-07
29,610,น้ำแม่ขาน,6,ปิง,0.006402746
30,605,แม่น้ำปิงส่วนที่ 2/1,6,ปิง,2.82E-05
30,607,แม่น้ำปิงส่วนที่ 2/2,6,ปิง,4.74E-05
30,606,น้ำแม่ริม,6,ปิง,0.000324028
31,607,แม่น้ำปิงส่วนที่ 2/2,6,ปิง,0.001855139
31,606,น้ำแม่ริม,6,ปิง,0.003801604
32,607,แม่น้ำปิงส่วนที่ 2/2,6,ปิง,0.000185567
32,608,น้ำแม่กวง,6,ปิง,0.004237095
33,608,น้ำแม่กวง,6,ปิง,0.003560787
34,608,น้ำแม่กวง,6,ปิง,4.37E-05
35,608,น้ำแม่กวง,6,ปิง,0.00328856
36,608,น้ำแม่กวง,6,ปิง,0.002465948
37,608,น้ำแม่กวง,6,ปิง,0.007677256
38,608,น้ำแม่กวง,6,ปิง,0.002457834
39,608,น้ำแม่กวง,6,ปิง,0.001398278
40,608,น้ำแม่กวง,6,ปิง,0.001828783
41,608,น้ำแม่กวง,6,ปิง,0.004195461
42,608,น้ำแม่กวง,6,ปิง,0.023603278
43,605,แม่น้ำปิงส่วนที่ 2/1,6,ปิง,0.17663587
43,608,น้ำแม่กวง,6,ปิง,0.009350267
44,605,แม่น้ำปิงส่วนที่ 2/1,6,ปิง,0.000826153
44,606,น้ำแม่ริม,6,ปิง,0.084106581
45,611,แม่น้ำปิงส่วนที่ 2/4,6,ปิง,0.000232664
45,610,น้ำแม่ขาน,6,ปิง,0.000481467
46,608,น้ำแม่กวง,6,ปิง,0.000903151
47,611,แม่น้ำปิงส่วนที่ 2/4,6,ปิง,0.00258864
47,610,น้ำแม่ขาน,6,ปิง,0.006514213
48,607,แม่น้ำปิงส่วนที่ 2/2,6,ปิง,0.006733482
49,608,น้ำแม่กวง,6,ปิง,0.002814027
50,607,แม่น้ำปิงส่วนที่ 2/2,6,ปิง,0.00830241
51,608,น้ำแม่กวง,6,ปิง,0.00320489
52,608,น้ำแม่กวง,6,ปิง,0.006348595
53,607,แม่น้ำปิงส่วนที่ 2/2,6,ปิง,0.008040331
54,607,แม่น้ำปิงส่วนที่ 2/2,6,ปิง,0.000601143
54,608,น้ำแม่กวง,6,ปิง,0.01354395
55,608,น้ำแม่กวง,6,ปิง,0.003682537
56,608,น้ำแม่กวง,6,ปิง,0.003986594
57,607,แม่น้ำปิงส่วนที่ 2/2,6,ปิง,0.015697778
58,607,แม่น้ำปิงส่วนที่ 2/2,6,ปิง,9.09E-05
58,608,น้ำแม่กวง,6,ปิง,0.003182346
59,608,น้ำแม่กวง,6,ปิง,0.006199042
60,608,น้ำแม่กวง,6,ปิง,0.003349121
61,608,น้ำแม่กวง,6,ปิง,0.001336776
62,608,น้ำแม่กวง,6,ปิง,0.000998682
63,607,แม่น้ำปิงส่วนที่ 2/2,6,ปิง,0.015684502
64,608,น้ำแม่กวง,6,ปิง,0.001788818
65,607,แม่น้ำปิงส่วนที่ 2/2,6,ปิง,0.000824929
66,607,แม่น้ำปิงส่วนที่ 2/2,6,ปิง,0.003385467
67,607,แม่น้ำปิงส่วนที่ 2/2,6,ปิง,0.001361966
67,608,น้ำแม่กวง,6,ปิง,0.008059805
68,608,น้ำแม่กวง,6,ปิง,0.002547737
69,611,แม่น้ำปิงส่วนที่ 2/4,6,ปิง,0.034420463
69,614,น้ำแม่กลาง,6,ปิง,8.04E-05
69,610,น้ำแม่ขาน,6,ปิง,2.57E-05
70,610,น้ำแม่ขาน,6,ปิง,0.00799047
71,607,แม่น้ำปิงส่วนที่ 2/2,6,ปิง,0.026229822
72,607,แม่น้ำปิงส่วนที่ 2/2,6,ปิง,0.013781157
72,609,แม่น้ำปิงส่วนที่ 2/3,6,ปิง,0.0392776
72,610,น้ำแม่ขาน,6,ปิง,0.000126288
73,608,น้ำแม่กวง,6,ปิง,0.018336371
74,608,น้ำแม่กวง,6,ปิง,0.005258124
75,610,น้ำแม่ขาน,6,ปิง,0.007394205
76,607,แม่น้ำปิงส่วนที่ 2/2,6,ปิง,0.023980895
77,610,น้ำแม่ขาน,6,ปิง,0.010120798
78,608,น้ำแม่กวง,6,ปิง,0.009342399
79,607,แม่น้ำปิงส่วนที่ 2/2,6,ปิง,0.047289694
79,610,น้ำแม่ขาน,6,ปิง,0.000155177
80,607,แม่น้ำปิงส่วนที่ 2/2,6,ปิง,0.016252154
81,610,น้ำแม่ขาน,6,ปิง,0.009254448
82,608,น้ำแม่กวง,6,ปิง,0.011996581
83,608,น้ำแม่กวง,6,ปิง,0.003628198
84,607,แม่น้ำปิงส่วนที่ 2/2,6,ปิง,0.024872188
84,610,น้ำแม่ขาน,6,ปิง,3.42E-05
85,607,แม่น้ำปิงส่วนที่ 2/2,6,ปิง,0.014416305
86,607,แม่น้ำปิงส่วนที่ 2/2,6,ปิง,0.091116532
86,608,น้ำแม่กวง,6,ปิง,0.0002972
87,608,น้ำแม่กวง,6,ปิง,0.007358492
88,610,น้ำแม่ขาน,6,ปิง,0.02038204
89,607,แม่น้ำปิงส่วนที่ 2/2,6,ปิง,0.034906636
90,608,น้ำแม่กวง,6,ปิง,0.003716569
91,607,แม่น้ำปิงส่วนที่ 2/2,6,ปิง,0.000614234
91,608,น้ำแม่กวง,6,ปิง,0.004928926
92,607,แม่น้ำปิงส่วนที่ 2/2,6,ปิง,0.032844925
93,607,แม่น้ำปิงส่วนที่ 2/2,6,ปิง,0.017366974
94,607,แม่น้ำปิงส่วนที่ 2/2,6,ปิง,0.033511598
95,608,น้ำแม่กวง,6,ปิง,0.015109958
96,608,น้ำแม่กวง,6,ปิง,0.008952599
97,608,น้ำแม่กวง,6,ปิง,0.006966989
98,608,น้ำแม่กวง,6,ปิง,0.004388692
99,607,แม่น้ำปิงส่วนที่ 2/2,6,ปิง,0.025030457
100,607,แม่น้ำปิงส่วนที่ 2/2,6,ปิง,0.018289708
101,607,แม่น้ำปิงส่วนที่ 2/2,6,ปิง,0.00022223
101,610,น้ำแม่ขาน,6,ปิง,0.026857724
102,607,แม่น้ำปิงส่วนที่ 2/2,6,ปิง,0.018373058
103,608,น้ำแม่กวง,6,ปิง,0.005324319
104,607,แม่น้ำปิงส่วนที่ 2/2,6,ปิง,0.017575912
105,608,น้ำแม่กวง,6,ปิง,0.004629386
106,607,แม่น้ำปิงส่วนที่ 2/2,6,ปิง,0.02540124
107,607,แม่น้ำปิงส่วนที่ 2/2,6,ปิง,0.031903965
108,608,น้ำแม่กวง,6,ปิง,0.004528222
109,607,แม่น้ำปิงส่วนที่ 2/2,6,ปิง,0.046143531
109,610,น้ำแม่ขาน,6,ปิง,3.68E-05
110,608,น้ำแม่กวง,6,ปิง,0.004192943
111,607,แม่น้ำปิงส่วนที่ 2/2,6,ปิง,0.01373751
112,608,น้ำแม่กวง,6,ปิง,0.018005919
113,608,น้ำแม่กวง,6,ปิง,0.016074001
114,608,น้ำแม่กวง,6,ปิง,0.005101738
115,608,น้ำแม่กวง,6,ปิง,0.00879293
116,608,น้ำแม่กวง,6,ปิง,0.015209588
117,605,แม่น้ำปิงส่วนที่ 2/1,6,ปิง,5.21E-05
117,608,น้ำแม่กวง,6,ปิง,0.007729204
118,605,แม่น้ำปิงส่วนที่ 2/1,6,ปิง,0.000441013
118,607,แม่น้ำปิงส่วนที่ 2/2,6,ปิง,2.31E-05
118,608,น้ำแม่กวง,6,ปิง,0.009051662
119,607,แม่น้ำปิงส่วนที่ 2/2,6,ปิง,0.000148364
119,610,น้ำแม่ขาน,6,ปิง,1.41E-05
119,606,น้ำแม่ริม,6,ปิง,0.09503821
120,611,แม่น้ำปิงส่วนที่ 2/4,6,ปิง,0.001185896
120,613,แม่น้ำปิงส่วนที่ 3/1,6,ปิง,0.345667244
120,614,น้ำแม่กลาง,6,ปิง,0.014077022
120,612,น้ำแม่ลี้,6,ปิง,1.72E-05
121,611,แม่น้ำปิงส่วนที่ 2/4,6,ปิง,0.000847844
121,613,แม่น้ำปิงส่วนที่ 3/1,6,ปิง,0.000150425
121,612,น้ำแม่ลี้,6,ปิง,0.00012138
122,611,แม่น้ำปิงส่วนที่ 2/4,6,ปิง,0.056345348
122,612,น้ำแม่ลี้,6,ปิง,0.003454599
123,611,แม่น้ำปิงส่วนที่ 2/4,6,ปิง,0.000377253
124,611,แม่น้ำปิงส่วนที่ 2/4,6,ปิง,0.019854965
125,611,แม่น้ำปิงส่วนที่ 2/4,6,ปิง,0.003070873
126,609,แม่น้ำปิงส่วนที่ 2/3,6,ปิง,0.000508887
126,611,แม่น้ำปิงส่วนที่ 2/4,6,ปิง,0.005241051
126,610,น้ำแม่ขาน,6,ปิง,1.71E-05
127,609,แม่น้ำปิงส่วนที่ 2/3,6,ปิง,0.009673204
127,611,แม่น้ำปิงส่วนที่ 2/4,6,ปิง,3.80E-06
127,610,น้ำแม่ขาน,6,ปิง,6.65E-05
128,609,แม่น้ำปิงส่วนที่ 2/3,6,ปิง,0.00023197
128,611,แม่น้ำปิงส่วนที่ 2/4,6,ปิง,0.000244851
128,610,น้ำแม่ขาน,6,ปิง,0.000804523
129,610,น้ำแม่ขาน,6,ปิง,0.00034374
130,607,แม่น้ำปิงส่วนที่ 2/2,6,ปิง,1.26E-05
130,609,แม่น้ำปิงส่วนที่ 2/3,6,ปิง,0.031001145
130,608,น้ำแม่กวง,6,ปิง,1.21E-05
131,610,น้ำแม่ขาน,6,ปิง,0.002283821
132,607,แม่น้ำปิงส่วนที่ 2/2,6,ปิง,0.000439163
132,609,แม่น้ำปิงส่วนที่ 2/3,6,ปิง,0.000940682
133,607,แม่น้ำปิงส่วนที่ 2/2,6,ปิง,0.00013769
134,611,แม่น้ำปิงส่วนที่ 2/4,6,ปิง,0.03954835
134,614,น้ำแม่กลาง,6,ปิง,5.69E-06
134,610,น้ำแม่ขาน,6,ปิง,0.004393257
135,607,แม่น้ำปิงส่วนที่ 2/2,6,ปิง,0.000305796
135,609,แม่น้ำปิงส่วนที่ 2/3,6,ปิง,0.003750956
135,610,น้ำแม่ขาน,6,ปิง,0.020916117
136,617,น้ำแม่แจ่มตอนล่าง,6,ปิง,0.014874871
137,607,แม่น้ำปิงส่วนที่ 2/2,6,ปิง,1.62E-05
137,609,แม่น้ำปิงส่วนที่ 2/3,6,ปิง,4.69E-05
137,608,น้ำแม่กวง,6,ปิง,6.01E-05
138,607,แม่น้ำปิงส่วนที่ 2/2,6,ปิง,4.54E-05
138,608,น้ำแม่กวง,6,ปิง,0.002129224
139,608,น้ำแม่กวง,6,ปิง,0.006278991
140,611,แม่น้ำปิงส่วนที่ 2/4,6,ปิง,0.000856705
140,610,น้ำแม่ขาน,6,ปิง,0.010844525
141,607,แม่น้ำปิงส่วนที่ 2/2,6,ปิง,0.033223661
141,609,แม่น้ำปิงส่วนที่ 2/3,6,ปิง,0.001933576
142,607,แม่น้ำปิงส่วนที่ 2/2,6,ปิง,0.035093657
142,608,น้ำแม่กวง,6,ปิง,5.13E-05
143,611,แม่น้ำปิงส่วนที่ 2/4,6,ปิง,0.010298219
143,612,น้ำแม่ลี้,6,ปิง,3.94E-05
144,611,แม่น้ำปิงส่วนที่ 2/4,6,ปิง,0.025874079
145,608,น้ำแม่กวง,6,ปิง,0.000711471
146,611,แม่น้ำปิงส่วนที่ 2/4,6,ปิง,0.041362486
147,609,แม่น้ำปิงส่วนที่ 2/3,6,ปิง,0.001408669
147,611,แม่น้ำปิงส่วนที่ 2/4,6,ปิง,0.018357765
148,611,แม่น้ำปิงส่วนที่ 2/4,6,ปิง,0.017561761
148,610,น้ำแม่ขาน,6,ปิง,3.67E-05
149,608,น้ำแม่กวง,6,ปิง,3.75E-05
150,609,แม่น้ำปิงส่วนที่ 2/3,6,ปิง,0.016572811
150,611,แม่น้ำปิงส่วนที่ 2/4,6,ปิง,0.000251845
151,611,แม่น้ำปิงส่วนที่ 2/4,6,ปิง,0.001647155
151,610,น้ำแม่ขาน,6,ปิง,0.00082631
152,611,แม่น้ำปิงส่วนที่ 2/4,6,ปิง,0.026247672
153,609,แม่น้ำปิงส่วนที่ 2/3,6,ปิง,0.076721624
153,610,น้ำแม่ขาน,6,ปิง,0.000996065
154,611,แม่น้ำปิงส่วนที่ 2/4,6,ปิง,0.00766392
155,609,แม่น้ำปิงส่วนที่ 2/3,6,ปิง,0.112460805
155,611,แม่น้ำปิงส่วนที่ 2/4,6,ปิง,0.00097072
155,608,น้ำแม่กวง,6,ปิง,0.000292343
156,618,แม่น้ำปิงส่วนที่ 3/3,6,ปิง,8.58E-05
156,617,น้ำแม่แจ่มตอนล่าง,6,ปิง,0.025002972
157,617,น้ำแม่แจ่มตอนล่าง,6,ปิง,0.019466831
158,611,แม่น้ำปิงส่วนที่ 2/4,6,ปิง,7.66E-06
158,612,น้ำแม่ลี้,6,ปิง,0.006739785
159,611,แม่น้ำปิงส่วนที่ 2/4,6,ปิง,0.040896307
159,612,น้ำแม่ลี้,6,ปิง,3.89E-05
160,611,แม่น้ำปิงส่วนที่ 2/4,6,ปิง,0.023665379
161,611,แม่น้ำปิงส่วนที่ 2/4,6,ปิง,0.032250013
161,612,น้ำแม่ลี้,6,ปิง,0.000151226
162,611,แม่น้ำปิงส่วนที่ 2/4,6,ปิง,0.058176234
162,608,น้ำแม่กวง,6,ปิง,3.57E-05
163,611,แม่น้ำปิงส่วนที่ 2/4,6,ปิง,0.03704678
164,611,แม่น้ำปิงส่วนที่ 2/4,6,ปิง,0.024081061
164,614,น้ำแม่กลาง,6,ปิง,0.000424869
165,611,แม่น้ำปิงส่วนที่ 2/4,6,ปิง,0.026077729
166,608,น้ำแม่กวง,6,ปิง,0.017095255
167,609,แม่น้ำปิงส่วนที่ 2/3,6,ปิง,0.051307748
167,611,แม่น้ำปิงส่วนที่ 2/4,6,ปิง,0.018019825
167,608,น้ำแม่กวง,6,ปิง,8.06E-06
168,608,น้ำแม่กวง,6,ปิง,0.007286101
169,611,แม่น้ำปิงส่วนที่ 2/4,6,ปิง,0.031593371
169,614,น้ำแม่กลาง,6,ปิง,6.78E-05
170,611,แม่น้ำปิงส่วนที่ 2/4,6,ปิง,0.023312605
171,611,แม่น้ำปิงส่วนที่ 2/4,6,ปิง,0.043805035
172,608,น้ำแม่กวง,6,ปิง,0.008223594
173,609,แม่น้ำปิงส่วนที่ 2/3,6,ปิง,0.106648595
173,611,แม่น้ำปิงส่วนที่ 2/4,6,ปิง,9.83E-05
173,608,น้ำแม่กวง,6,ปิง,0.0018115
174,608,น้ำแม่กวง,6,ปิง,0.005623401
175,609,แม่น้ำปิงส่วนที่ 2/3,6,ปิง,0.112831572
175,608,น้ำแม่กวง,6,ปิง,0.001064559
176,608,น้ำแม่กวง,6,ปิง,0.008289777
177,611,แม่น้ำปิงส่วนที่ 2/4,6,ปิง,0.06928143
177,614,น้ำแม่กลาง,6,ปิง,6.91E-05
178,611,แม่น้ำปิงส่วนที่ 2/4,6,ปิง,0.031173378
178,610,น้ำแม่ขาน,6,ปิง,0.001290794
179,607,แม่น้ำปิงส่วนที่ 2/2,6,ปิง,0.000171053
179,609,แม่น้ำปิงส่วนที่ 2/3,6,ปิง,0.165898048
180,611,แม่น้ำปิงส่วนที่ 2/4,6,ปิง,0.036216361
180,610,น้ำแม่ขาน,6,ปิง,0.002298919
181,607,แม่น้ำปิงส่วนที่ 2/2,6,ปิง,9.31E-05
181,609,แม่น้ำปิงส่วนที่ 2/3,6,ปิง,0.197923265
181,610,น้ำแม่ขาน,6,ปิง,3.15E-05
182,608,น้ำแม่กวง,6,ปิง,0.009789174
183,618,แม่น้ำปิงส่วนที่ 3/3,6,ปิง,0.024930179
183,619,แม่น้ำปิงส่วนที่ 3/4,6,ปิง,0.004084538
184,618,แม่น้ำปิงส่วนที่ 3/3,6,ปิง,0.010423619
185,618,แม่น้ำปิงส่วนที่ 3/3,6,ปิง,0.009813667
186,618,แม่น้ำปิงส่วนที่ 3/3,6,ปิง,0.01066054
187,612,น้ำแม่ลี้,6,ปิง,0.009889503
188,618,แม่น้ำปิงส่วนที่ 3/3,6,ปิง,0.011433929
188,612,น้ำแม่ลี้,6,ปิง,8.74E-06
189,618,แม่น้ำปิงส่วนที่ 3/3,6,ปิง,0.007251593
190,618,แม่น้ำปิงส่วนที่ 3/3,6,ปิง,0.007460671
191,618,แม่น้ำปิงส่วนที่ 3/3,6,ปิง,0.011801936
192,618,แม่น้ำปิงส่วนที่ 3/3,6,ปิง,0.012436168
193,621,แม่น้ำปิงส่วนที่ 4/1,6,ปิง,0.039112435
194,620,น้ำแม่ตื่น,6,ปิง,0.008164064
195,622,แม่น้ำปิงส่วนที่ 4/2,6,ปิง,0.022785004
196,622,แม่น้ำปิงส่วนที่ 4/2,6,ปิง,0.00710502
197,620,น้ำแม่ตื่น,6,ปิง,0.009075684
198,620,น้ำแม่ตื่น,6,ปิง,0.007220105
199,622,แม่น้ำปิงส่วนที่ 4/2,6,ปิง,0.020173342
200,622,แม่น้ำปิงส่วนที่ 4/2,6,ปิง,0.052590429
200,623,ห้วยแม่ท้อ,6,ปิง,3.39E-05
201,621,แม่น้ำปิงส่วนที่ 4/1,6,ปิง,0.021471174
202,627,คลองแม่ระกา,6,ปิง,0.028815959
203,621,แม่น้ำปิงส่วนที่ 4/1,6,ปิง,0.011258974
204,620,น้ำแม่ตื่น,6,ปิง,0.005839434
205,626,แม่น้ำปิงส่วนที่ 4/4,6,ปิง,0.077337852
205,628,แม่น้ำปิงส่วนที่ 4/5,6,ปิง,0.000356998
205,627,คลองแม่ระกา,6,ปิง,0.000104676
206,624,แม่น้ำปิงส่วนที่ 4/3,6,ปิง,0.011844429
206,626,แม่น้ำปิงส่วนที่ 4/4,6,ปิง,0.000549934
206,625,คลองวังเจ้า,6,ปิง,4.27E-07
207,622,แม่น้ำปิงส่วนที่ 4/2,6,ปิง,1.40E-05
207,624,แม่น้ำปิงส่วนที่ 4/3,6,ปิง,0.011142695
207,623,ห้วยแม่ท้อ,6,ปิง,0.000104591
208,622,แม่น้ำปิงส่วนที่ 4/2,6,ปิง,0.001804168
208,624,แม่น้ำปิงส่วนที่ 4/3,6,ปิง,2.94E-08
208,623,ห้วยแม่ท้อ,6,ปิง,1.76E-06
209,622,แม่น้ำปิงส่วนที่ 4/2,6,ปิง,0.019574721
209,623,ห้วยแม่ท้อ,6,ปิง,2.64E-05
210,622,แม่น้ำปิงส่วนที่ 4/2,6,ปิง,0.01861797
211,622,แม่น้ำปิงส่วนที่ 4/2,6,ปิง,0.073536307
211,623,ห้วยแม่ท้อ,6,ปิง,5.38E-05
212,628,แม่น้ำปิงส่วนที่ 4/5,6,ปิง,0.000259689
212,627,คลองแม่ระกา,6,ปิง,0.012374159
213,622,แม่น้ำปิงส่วนที่ 4/2,6,ปิง,0.000156911
213,623,ห้วยแม่ท้อ,6,ปิง,0.045376062
214,624,แม่น้ำปิงส่วนที่ 4/3,6,ปิง,9.30E-06
214,626,แม่น้ำปิงส่วนที่ 4/4,6,ปิง,8.13E-05
214,625,คลองวังเจ้า,6,ปิง,0.002367689
215,628,แม่น้ำปิงส่วนที่ 4/5,6,ปิง,0.000294306
215,625,คลองวังเจ้า,6,ปิง,0.073902463
215,629,คลองสวนหมาก,6,ปิง,1.90E-05
216,622,แม่น้ำปิงส่วนที่ 4/2,6,ปิง,0.003456019
216,624,แม่น้ำปิงส่วนที่ 4/3,6,ปิง,0.04802916
217,625,คลองวังเจ้า,6,ปิง,0.037096344
217,629,คลองสวนหมาก,6,ปิง,0.000905264
218,625,คลองวังเจ้า,6,ปิง,0.054049087
218,629,คลองสวนหมาก,6,ปิง,3.55E-05
219,622,แม่น้ำปิงส่วนที่ 4/2,6,ปิง,0.02732315
220,622,แม่น้ำปิงส่วนที่ 4/2,6,ปิง,0.000132597
220,624,แม่น้ำปิงส่วนที่ 4/3,6,ปิง,0.057654149
220,627,คลองแม่ระกา,6,ปิง,0.000110888
221,626,แม่น้ำปิงส่วนที่ 4/4,6,ปิง,0.031440885
221,627,คลองแม่ระกา,6,ปิง,2.68E-05
222,628,แม่น้ำปิงส่วนที่ 4/5,6,ปิง,0.166852637
223,626,แม่น้ำปิงส่วนที่ 4/4,6,ปิง,0.009321747
224,626,แม่น้ำปิงส่วนที่ 4/4,6,ปิง,0.003130007
225,625,คลองวังเจ้า,6,ปิง,0.016820133
226,626,แม่น้ำปิงส่วนที่ 4/4,6,ปิง,0.076800646
226,628,แม่น้ำปิงส่วนที่ 4/5,6,ปิง,0.001226764
227,626,แม่น้ำปิงส่วนที่ 4/4,6,ปิง,0.001173945
227,628,แม่น้ำปิงส่วนที่ 4/5,6,ปิง,0.000104395
227,625,คลองวังเจ้า,6,ปิง,0.049227815
228,626,แม่น้ำปิงส่วนที่ 4/4,6,ปิง,0.142246042
228,628,แม่น้ำปิงส่วนที่ 4/5,6,ปิง,3.81E-05
229,626,แม่น้ำปิงส่วนที่ 4/4,6,ปิง,0.109120807
229,628,แม่น้ำปิงส่วนที่ 4/5,6,ปิง,3.61E-05
229,625,คลองวังเจ้า,6,ปิง,0.000182271
230,624,แม่น้ำปิงส่วนที่ 4/3,6,ปิง,0.08908908
230,625,คลองวังเจ้า,6,ปิง,0.000613053
231,628,แม่น้ำปิงส่วนที่ 4/5,6,ปิง,0.132589132
231,627,คลองแม่ระกา,6,ปิง,0.000860321
232,626,แม่น้ำปิงส่วนที่ 4/4,6,ปิง,0.070508001
232,625,คลองวังเจ้า,6,ปิง,8.86E-05
233,628,แม่น้ำปิงส่วนที่ 4/5,6,ปิง,0.093662944
233,627,คลองแม่ระกา,6,ปิง,0.008018437
234,624,แม่น้ำปิงส่วนที่ 4/3,6,ปิง,7.79E-06
234,626,แม่น้ำปิงส่วนที่ 4/4,6,ปิง,0.075064409
235,624,แม่น้ำปิงส่วนที่ 4/3,6,ปิง,0.077487372
235,623,ห้วยแม่ท้อ,6,ปิง,0.000480902
236,626,แม่น้ำปิงส่วนที่ 4/4,6,ปิง,6.67E-05
236,627,คลองแม่ระกา,6,ปิง,0.038445132
237,624,แม่น้ำปิงส่วนที่ 4/3,6,ปิง,0.000314588
237,626,แม่น้ำปิงส่วนที่ 4/4,6,ปิง,0.302666956
237,627,คลองแม่ระกา,6,ปิง,0.000455086
238,622,แม่น้ำปิงส่วนที่ 4/2,6,ปิง,0.001534662
238,623,ห้วยแม่ท้อ,6,ปิง,0.024934903
239,627,คลองแม่ระกา,6,ปิง,0.025959901
240,622,แม่น้ำปิงส่วนที่ 4/2,6,ปิง,0.017919671
240,623,ห้วยแม่ท้อ,6,ปิง,6.14E-05
241,622,แม่น้ำปิงส่วนที่ 4/2,6,ปิง,0.026551711
241,624,แม่น้ำปิงส่วนที่ 4/3,6,ปิง,7.03E-05
242,630,แม่น้ำปิงตอนล่าง,6,ปิง,0.003657487
243,630,แม่น้ำปิงตอนล่าง,6,ปิง,0.010039625
244,630,แม่น้ำปิงตอนล่าง,6,ปิง,0.004806535
244,628,แม่น้ำปิงส่วนที่ 4/5,6,ปิง,0.017462139
244,629,คลองสวนหมาก,6,ปิง,0.000973588
245,628,แม่น้ำปิงส่วนที่ 4/5,6,ปิง,0.063854535
245,629,คลองสวนหมาก,6,ปิง,0.00251491
246,630,แม่น้ำปิงตอนล่าง,6,ปิง,0.000155386
247,630,แม่น้ำปิงตอนล่าง,6,ปิง,0.005467259
248,630,แม่น้ำปิงตอนล่าง,6,ปิง,0.00225774
249,630,แม่น้ำปิงตอนล่าง,6,ปิง,0.012069274
250,628,แม่น้ำปิงส่วนที่ 4/5,6,ปิง,0.00043061
250,629,คลองสวนหมาก,6,ปิง,0.000471854
251,629,คลองสวนหมาก,6,ปิง,0.007802496
252,629,คลองสวนหมาก,6,ปิง,0.000512536
253,628,แม่น้ำปิงส่วนที่ 4/5,6,ปิง,0.001447366
253,629,คลองสวนหมาก,6,ปิง,0.029336719
254,630,แม่น้ำปิงตอนล่าง,6,ปิง,2.39E-06
254,629,คลองสวนหมาก,6,ปิง,0.019489823
255,629,คลองสวนหมาก,6,ปิง,0.000248149
256,629,คลองสวนหมาก,6,ปิง,0.00309005
257,630,แม่น้ำปิงตอนล่าง,6,ปิง,0.00402871
258,630,แม่น้ำปิงตอนล่าง,6,ปิง,0.000265616
259,630,แม่น้ำปิงตอนล่าง,6,ปิง,0.003094374
260,630,แม่น้ำปิงตอนล่าง,6,ปิง,0.000651573
261,630,แม่น้ำปิงตอนล่าง,6,ปิง,0.00406922
262,630,แม่น้ำปิงตอนล่าง,6,ปิง,0.003191167
263,629,คลองสวนหมาก,6,ปิง,0.008689933
264,630,แม่น้ำปิงตอนล่าง,6,ปิง,0.006613065
265,629,คลองสวนหมาก,6,ปิง,0.005857422
266,630,แม่น้ำปิงตอนล่าง,6,ปิง,0.001192647
267,630,แม่น้ำปิงตอนล่าง,6,ปิง,0.006673395
268,630,แม่น้ำปิงตอนล่าง,6,ปิง,0.01527426
269,629,คลองสวนหมาก,6,ปิง,0.015506902
270,630,แม่น้ำปิงตอนล่าง,6,ปิง,0.003264457
271,625,คลองวังเจ้า,6,ปิง,0.014422954
272,630,แม่น้ำปิงตอนล่าง,6,ปิง,0.013103989
272,629,คลองสวนหมาก,6,ปิง,0.000101783
273,629,คลองสวนหมาก,6,ปิง,0.004821123
274,630,แม่น้ำปิงตอนล่าง,6,ปิง,0.003058339
275,630,แม่น้ำปิงตอนล่าง,6,ปิง,0.002119611
276,630,แม่น้ำปิงตอนล่าง,6,ปิง,0.015078355
277,630,แม่น้ำปิงตอนล่าง,6,ปิง,0.012999422
278,630,แม่น้ำปิงตอนล่าง,6,ปิง,0.008987013
279,630,แม่น้ำปิงตอนล่าง,6,ปิง,0.003888156
280,630,แม่น้ำปิงตอนล่าง,6,ปิง,0.00539963
281,630,แม่น้ำปิงตอนล่าง,6,ปิง,0.013014184
282,630,แม่น้ำปิงตอนล่าง,6,ปิง,3.26E-05
282,629,คลองสวนหมาก,6,ปิง,0.032558199
283,630,แม่น้ำปิงตอนล่าง,6,ปิง,0.009939483
284,630,แม่น้ำปิงตอนล่าง,6,ปิง,0.01587836
285,630,แม่น้ำปิงตอนล่าง,6,ปิง,0.005489372
286,630,แม่น้ำปิงตอนล่าง,6,ปิง,0.005714514
287,630,แม่น้ำปิงตอนล่าง,6,ปิง,0.005890836
288,630,แม่น้ำปิงตอนล่าง,6,ปิง,0.00425125
289,630,แม่น้ำปิงตอนล่าง,6,ปิง,0.007705158
290,629,คลองสวนหมาก,6,ปิง,0.014590398
291,630,แม่น้ำปิงตอนล่าง,6,ปิง,0.0116072
291,629,คลองสวนหมาก,6,ปิง,7.70E-05
292,630,แม่น้ำปิงตอนล่าง,6,ปิง,0.008322038
293,630,แม่น้ำปิงตอนล่าง,6,ปิง,0.003792831
294,630,แม่น้ำปิงตอนล่าง,6,ปิง,0.006149657
295,630,แม่น้ำปิงตอนล่าง,6,ปิง,0.014240888
296,630,แม่น้ำปิงตอนล่าง,6,ปิง,5.89E-06
296,629,คลองสวนหมาก,6,ปิง,0.021416492
297,630,แม่น้ำปิงตอนล่าง,6,ปิง,0.009828745
298,630,แม่น้ำปิงตอนล่าง,6,ปิง,0.015536679
298,629,คลองสวนหมาก,6,ปิง,0.000104004
299,630,แม่น้ำปิงตอนล่าง,6,ปิง,0.003970712
300,630,แม่น้ำปิงตอนล่าง,6,ปิง,0.007451586
301,630,แม่น้ำปิงตอนล่าง,6,ปิง,0.014469971
301,629,คลองสวนหมาก,6,ปิง,0.000135446
302,630,แม่น้ำปิงตอนล่าง,6,ปิง,0.005967346
303,630,แม่น้ำปิงตอนล่าง,6,ปิง,0.005696842
303,629,คลองสวนหมาก,6,ปิง,2.32E-06
304,630,แม่น้ำปิงตอนล่าง,6,ปิง,1.55E-05
304,629,คลองสวนหมาก,6,ปิง,0.009428411
305,630,แม่น้ำปิงตอนล่าง,6,ปิง,0.006668523
306,630,แม่น้ำปิงตอนล่าง,6,ปิง,0.007112299
307,630,แม่น้ำปิงตอนล่าง,6,ปิง,0.004893479
307,629,คลองสวนหมาก,6,ปิง,0.000120313
308,629,คลองสวนหมาก,6,ปิง,0.016004443
309,630,แม่น้ำปิงตอนล่าง,6,ปิง,0.005087902
309,629,คลองสวนหมาก,6,ปิง,0.000190982
310,625,คลองวังเจ้า,6,ปิง,5.58E-05
310,629,คลองสวนหมาก,6,ปิง,0.040732145
311,630,แม่น้ำปิงตอนล่าง,6,ปิง,0.000555973
311,629,คลองสวนหมาก,6,ปิง,0.021868792
312,630,แม่น้ำปิงตอนล่าง,6,ปิง,8.73E-05
312,629,คลองสวนหมาก,6,ปิง,0.020918163
313,630,แม่น้ำปิงตอนล่าง,6,ปิง,3.67E-05
313,629,คลองสวนหมาก,6,ปิง,0.021671908
314,629,คลองสวนหมาก,6,ปิง,0.010420861
315,629,คลองสวนหมาก,6,ปิง,0.015774973
316,625,คลองวังเจ้า,6,ปิง,0.029872628
317,625,คลองวังเจ้า,6,ปิง,0.000154726
317,629,คลองสวนหมาก,6,ปิง,0.024958255
318,630,แม่น้ำปิงตอนล่าง,6,ปิง,0.000105429
318,629,คลองสวนหมาก,6,ปิง,0.019747408
319,625,คลองวังเจ้า,6,ปิง,0.022081045
319,629,คลองสวนหมาก,6,ปิง,2.86E-05
320,625,คลองวังเจ้า,6,ปิง,0.000104795
320,629,คลองสวนหมาก,6,ปิง,0.011475145
321,629,คลองสวนหมาก,6,ปิง,0.011695482
322,629,คลองสวนหมาก,6,ปิง,0.008722782
323,628,แม่น้ำปิงส่วนที่ 4/5,6,ปิง,0.00055233
323,625,คลองวังเจ้า,6,ปิง,0.000848793
323,629,คลองสวนหมาก,6,ปิง,0.099382536
324,628,แม่น้ำปิงส่วนที่ 4/5,6,ปิง,0.000170222
324,629,คลองสวนหมาก,6,ปิง,0.030697294
325,630,แม่น้ำปิงตอนล่าง,6,ปิง,0.020246779
326,630,แม่น้ำปิงตอนล่าง,6,ปิง,0.005010351
327,630,แม่น้ำปิงตอนล่าง,6,ปิง,0.001608529
328,630,แม่น้ำปิงตอนล่าง,6,ปิง,0.000547298
329,630,แม่น้ำปิงตอนล่าง,6,ปิง,0.020773479
330,630,แม่น้ำปิงตอนล่าง,6,ปิง,0.004396512
331,630,แม่น้ำปิงตอนล่าง,6,ปิง,0.019306209
332,630,แม่น้ำปิงตอนล่าง,6,ปิง,0.007961083
333,630,แม่น้ำปิงตอนล่าง,6,ปิง,0.005254007
334,630,แม่น้ำปิงตอนล่าง,6,ปิง,0.010029668
335,630,แม่น้ำปิงตอนล่าง,6,ปิง,0.001769194
336,630,แม่น้ำปิงตอนล่าง,6,ปิง,0.001748306
337,630,แม่น้ำปิงตอนล่าง,6,ปิง,0.014783081
338,630,แม่น้ำปิงตอนล่าง,6,ปิง,0.007989045
339,630,แม่น้ำปิงตอนล่าง,6,ปิง,0.011933061
340,630,แม่น้ำปิงตอนล่าง,6,ปิง,0.001341712
341,630,แม่น้ำปิงตอนล่าง,6,ปิง,0.00804528
342,630,แม่น้ำปิงตอนล่าง,6,ปิง,0.001017696
343,630,แม่น้ำปิงตอนล่าง,6,ปิง,0.007342998
344,630,แม่น้ำปิงตอนล่าง,6,ปิง,0.012563321
345,630,แม่น้ำปิงตอนล่าง,6,ปิง,0.003918699
346,630,แม่น้ำปิงตอนล่าง,6,ปิง,0.00897299
347,630,แม่น้ำปิงตอนล่าง,6,ปิง,0.005147548
348,630,แม่น้ำปิงตอนล่าง,6,ปิง,0.005360278
349,630,แม่น้ำปิงตอนล่าง,6,ปิง,0.010519837
350,630,แม่น้ำปิงตอนล่าง,6,ปิง,0.005948612
351,630,แม่น้ำปิงตอนล่าง,6,ปิง,0.005429909
352,630,แม่น้ำปิงตอนล่าง,6,ปิง,0.013660507
353,630,แม่น้ำปิงตอนล่าง,6,ปิง,0.005461699
354,630,แม่น้ำปิงตอนล่าง,6,ปิง,0.005372762
355,630,แม่น้ำปิงตอนล่าง,6,ปิง,0.006958374
356,630,แม่น้ำปิงตอนล่าง,6,ปิง,0.004748372
357,630,แม่น้ำปิงตอนล่าง,6,ปิง,0.010059029
358,630,แม่น้ำปิงตอนล่าง,6,ปิง,0.006236379
359,630,แม่น้ำปิงตอนล่าง,6,ปิง,0.034891957
359,629,คลองสวนหมาก,6,ปิง,3.92E-05
360,630,แม่น้ำปิงตอนล่าง,6,ปิง,0.003812779
361,603,แม่น้ำปิงตอนบนส่วนที่ 2,6,ปิง,0.000652187
361,605,แม่น้ำปิงส่วนที่ 2/1,6,ปิง,0.000370874
361,608,น้ำแม่กวง,6,ปิง,0.063933565
361,602,น้ำแม่งัด,6,ปิง,6.80E-05
362,621,แม่น้ำปิงส่วนที่ 4/1,6,ปิง,0.575432364
362,622,แม่น้ำปิงส่วนที่ 4/2,6,ปิง,0.000142373
362,620,น้ำแม่ตื่น,6,ปิง,6.99E-05
363,604,แม่น้ำแม่แตง,6,ปิง,0.029692319
364,604,แม่น้ำแม่แตง,6,ปิง,0.088474505
364,601,แม่น้ำปิงตอนบนส่วนที่ 1,6,ปิง,1.07E-05
365,604,แม่น้ำแม่แตง,6,ปิง,0.249097767
365,601,แม่น้ำปิงตอนบนส่วนที่ 1,6,ปิง,4.55E-05
366,604,แม่น้ำแม่แตง,6,ปิง,0.067411519
366,601,แม่น้ำปิงตอนบนส่วนที่ 1,6,ปิง,0.000102569
367,604,แม่น้ำแม่แตง,6,ปิง,6.73E-05
367,601,แม่น้ำปิงตอนบนส่วนที่ 1,6,ปิง,0.151546007
368,604,แม่น้ำแม่แตง,6,ปิง,6.26E-05
368,601,แม่น้ำปิงตอนบนส่วนที่ 1,6,ปิง,0.128277709
369,601,แม่น้ำปิงตอนบนส่วนที่ 1,6,ปิง,0.083066405
370,601,แม่น้ำปิงตอนบนส่วนที่ 1,6,ปิง,0.207714849
370,602,น้ำแม่งัด,6,ปิง,0.000297438
371,604,แม่น้ำแม่แตง,6,ปิง,6.93E-05
371,601,แม่น้ำปิงตอนบนส่วนที่ 1,6,ปิง,0.108574561
372,604,แม่น้ำแม่แตง,6,ปิง,0.186324614
372,601,แม่น้ำปิงตอนบนส่วนที่ 1,6,ปิง,0.000146619
373,604,แม่น้ำแม่แตง,6,ปิง,0.046769704
373,601,แม่น้ำปิงตอนบนส่วนที่ 1,6,ปิง,0.000281459
374,601,แม่น้ำปิงตอนบนส่วนที่ 1,6,ปิง,0.000237006
374,602,น้ำแม่งัด,6,ปิง,0.113590424
375,602,น้ำแม่งัด,6,ปิง,0.080702079
376,604,แม่น้ำแม่แตง,6,ปิง,9.42E-05
376,601,แม่น้ำปิงตอนบนส่วนที่ 1,6,ปิง,0.136385569
376,602,น้ำแม่งัด,6,ปิง,4.25E-05
377,604,แม่น้ำแม่แตง,6,ปิง,4.49E-05
377,601,แม่น้ำปิงตอนบนส่วนที่ 1,6,ปิง,0.109350473
377,603,แม่น้ำปิงตอนบนส่วนที่ 2,6,ปิง,1.63E-06
377,602,น้ำแม่งัด,6,ปิง,2.84E-05
378,604,แม่น้ำแม่แตง,6,ปิง,5.40E-05
378,601,แม่น้ำปิงตอนบนส่วนที่ 1,6,ปิง,0.073784915
378,603,แม่น้ำปิงตอนบนส่วนที่ 2,6,ปิง,0.151366257
378,602,น้ำแม่งัด,6,ปิง,0.000100062
379,602,น้ำแม่งัด,6,ปิง,0.069588395
380,604,แม่น้ำแม่แตง,6,ปิง,0.19828288
380,601,แม่น้ำปิงตอนบนส่วนที่ 1,6,ปิง,6.76E-05
380,603,แม่น้ำปิงตอนบนส่วนที่ 2,6,ปิง,0.008912491
380,605,แม่น้ำปิงส่วนที่ 2/1,6,ปิง,0.000259169
380,606,น้ำแม่ริม,6,ปิง,5.60E-05
381,604,แม่น้ำแม่แตง,6,ปิง,0.117282781
381,606,น้ำแม่ริม,6,ปิง,0.000175542
382,601,แม่น้ำปิงตอนบนส่วนที่ 1,6,ปิง,4.34E-05
382,602,น้ำแม่งัด,6,ปิง,0.048643682
383,602,น้ำแม่งัด,6,ปิง,0.129805274
384,603,แม่น้ำปิงตอนบนส่วนที่ 2,6,ปิง,0.000341428
384,608,น้ำแม่กวง,6,ปิง,7.71E-05
384,602,น้ำแม่งัด,6,ปิง,0.193325682
385,608,น้ำแม่กวง,6,ปิง,0.04695721
385,602,น้ำแม่งัด,6,ปิง,0.000143808
386,608,น้ำแม่กวง,6,ปิง,0.022422722
387,608,น้ำแม่กวง,6,ปิง,0.039460142
388,608,น้ำแม่กวง,6,ปิง,0.012143221
389,608,น้ำแม่กวง,6,ปิง,0.020163561
390,608,น้ำแม่กวง,6,ปิง,0.04446501
391,608,น้ำแม่กวง,6,ปิง,0.016416944
392,604,แม่น้ำแม่แตง,6,ปิง,0.000112063
392,610,น้ำแม่ขาน,6,ปิง,3.33E-07
392,606,น้ำแม่ริม,6,ปิง,0.124653821
393,604,แม่น้ำแม่แตง,6,ปิง,7.02E-05
393,605,แม่น้ำปิงส่วนที่ 2/1,6,ปิง,0.00038422
393,606,น้ำแม่ริม,6,ปิง,0.227747631
394,616,น้ำแม่แจ่มตอนบน,6,ปิง,0.302860017
394,617,น้ำแม่แจ่มตอนล่าง,6,ปิง,0.000160715
394,614,น้ำแม่กลาง,6,ปิง,8.65E-05
394,610,น้ำแม่ขาน,6,ปิง,0.000511688
395,616,น้ำแม่แจ่มตอนบน,6,ปิง,0.039926343
395,610,น้ำแม่ขาน,6,ปิง,2.45E-06
396,616,น้ำแม่แจ่มตอนบน,6,ปิง,0.070620454
397,616,น้ำแม่แจ่มตอนบน,6,ปิง,0.058262502
398,616,น้ำแม่แจ่มตอนบน,6,ปิง,0.076501539
398,610,น้ำแม่ขาน,6,ปิง,7.15E-05
399,616,น้ำแม่แจ่มตอนบน,6,ปิง,0.052480574
400,616,น้ำแม่แจ่มตอนบน,6,ปิง,0.051190523
401,616,น้ำแม่แจ่มตอนบน,6,ปิง,0.346271718
401,617,น้ำแม่แจ่มตอนล่าง,6,ปิง,6.04E-05
402,616,น้ำแม่แจ่มตอนบน,6,ปิง,0.000760379
402,617,น้ำแม่แจ่มตอนล่าง,6,ปิง,0.051656376
403,616,น้ำแม่แจ่มตอนบน,6,ปิง,4.75E-05
403,617,น้ำแม่แจ่มตอนล่าง,6,ปิง,0.049471843
404,616,น้ำแม่แจ่มตอนบน,6,ปิง,2.61E-05
404,617,น้ำแม่แจ่มตอนล่าง,6,ปิง,0.06222922
405,617,น้ำแม่แจ่มตอนล่าง,6,ปิง,0.083751551
406,617,น้ำแม่แจ่มตอนล่าง,6,ปิง,0.037971604
407,617,น้ำแม่แจ่มตอนล่าง,6,ปิง,0.012320121
408,617,น้ำแม่แจ่มตอนล่าง,6,ปิง,0.028831327
409,617,น้ำแม่แจ่มตอนล่าง,6,ปิง,0.039072497
410,617,น้ำแม่แจ่มตอนล่าง,6,ปิง,0.093150044
411,617,น้ำแม่แจ่มตอนล่าง,6,ปิง,0.021632665
412,615,แม่น้ำปิงส่วนที่ 3/2,6,ปิง,0.000102081
412,617,น้ำแม่แจ่มตอนล่าง,6,ปิง,0.035013124
413,617,น้ำแม่แจ่มตอนล่าง,6,ปิง,0.038296853
414,615,แม่น้ำปิงส่วนที่ 3/2,6,ปิง,6.41E-05
414,617,น้ำแม่แจ่มตอนล่าง,6,ปิง,0.105050839
414,614,น้ำแม่กลาง,6,ปิง,0.000219126
415,611,แม่น้ำปิงส่วนที่ 2/4,6,ปิง,0.000443305
415,616,น้ำแม่แจ่มตอนบน,6,ปิง,2.48E-05
415,617,น้ำแม่แจ่มตอนล่าง,6,ปิง,0.000896092
415,614,น้ำแม่กลาง,6,ปิง,0.658995804
415,610,น้ำแม่ขาน,6,ปิง,0.000146384
416,616,น้ำแม่แจ่มตอนบน,6,ปิง,1.41E-06
416,617,น้ำแม่แจ่มตอนล่าง,6,ปิง,0.073480771
416,614,น้ำแม่กลาง,6,ปิง,0.001252883
417,615,แม่น้ำปิงส่วนที่ 3/2,6,ปิง,0.00032531
417,617,น้ำแม่แจ่มตอนล่าง,6,ปิง,1.44E-05
417,614,น้ำแม่กลาง,6,ปิง,0.236875134
418,611,แม่น้ำปิงส่วนที่ 2/4,6,ปิง,8.69E-05
418,614,น้ำแม่กลาง,6,ปิง,0.084498728
418,610,น้ำแม่ขาน,6,ปิง,4.91E-05
419,611,แม่น้ำปิงส่วนที่ 2/4,6,ปิง,2.18E-05
419,616,น้ำแม่แจ่มตอนบน,6,ปิง,0.000208916
419,614,น้ำแม่กลาง,6,ปิง,0.000295649
419,610,น้ำแม่ขาน,6,ปิง,0.249502854
420,616,น้ำแม่แจ่มตอนบน,6,ปิง,3.78E-05
420,610,น้ำแม่ขาน,6,ปิง,0.080662245
421,616,น้ำแม่แจ่มตอนบน,6,ปิง,0.000358423
421,610,น้ำแม่ขาน,6,ปิง,0.047804041
422,616,น้ำแม่แจ่มตอนบน,6,ปิง,0.00042103
422,610,น้ำแม่ขาน,6,ปิง,0.16476831
422,606,น้ำแม่ริม,6,ปิง,7.86E-05
423,610,น้ำแม่ขาน,6,ปิง,0.040389377
423,606,น้ำแม่ริม,6,ปิง,4.83E-05
424,607,แม่น้ำปิงส่วนที่ 2/2,6,ปิง,5.43E-05
424,610,น้ำแม่ขาน,6,ปิง,0.069184107
424,606,น้ำแม่ริม,6,ปิง,0.00131186
425,610,น้ำแม่ขาน,6,ปิง,3.08E-05
425,606,น้ำแม่ริม,6,ปิง,0.064278132
426,606,น้ำแม่ริม,6,ปิง,0.15307376
427,610,น้ำแม่ขาน,6,ปิง,7.79E-06
427,606,น้ำแม่ริม,6,ปิง,0.116116895
428,605,แม่น้ำปิงส่วนที่ 2/1,6,ปิง,0.000539804
428,606,น้ำแม่ริม,6,ปิง,0.047304864
429,607,แม่น้ำปิงส่วนที่ 2/2,6,ปิง,0.059369651
429,610,น้ำแม่ขาน,6,ปิง,1.78E-05
429,606,น้ำแม่ริม,6,ปิง,5.39E-05
430,607,แม่น้ำปิงส่วนที่ 2/2,6,ปิง,0.110325445
430,610,น้ำแม่ขาน,6,ปิง,4.90E-05
431,607,แม่น้ำปิงส่วนที่ 2/2,6,ปิง,0.049050042
431,610,น้ำแม่ขาน,6,ปิง,1.70E-05
432,601,แม่น้ำปิงตอนบนส่วนที่ 1,6,ปิง,0.00015564
432,603,แม่น้ำปิงตอนบนส่วนที่ 2,6,ปิง,0.001518138
432,602,น้ำแม่งัด,6,ปิง,0.216588753
433,604,แม่น้ำแม่แตง,6,ปิง,3.94E-05
433,601,แม่น้ำปิงตอนบนส่วนที่ 1,6,ปิง,2.70E-06
433,603,แม่น้ำปิงตอนบนส่วนที่ 2,6,ปิง,0.086965648
434,603,แม่น้ำปิงตอนบนส่วนที่ 2,6,ปิง,0.431826275
434,605,แม่น้ำปิงส่วนที่ 2/1,6,ปิง,4.56E-05
434,608,น้ำแม่กวง,6,ปิง,2.13E-05
434,602,น้ำแม่งัด,6,ปิง,0.000316338
435,608,น้ำแม่กวง,6,ปิง,0.023350878
436,608,น้ำแม่กวง,6,ปิง,0.0274583
437,608,น้ำแม่กวง,6,ปิง,0.013166155
438,608,น้ำแม่กวง,6,ปิง,0.033086448
439,608,น้ำแม่กวง,6,ปิง,0.018956975
440,608,น้ำแม่กวง,6,ปิง,0.047590605
441,608,น้ำแม่กวง,6,ปิง,0.053879155
441,612,น้ำแม่ลี้,6,ปิง,2.02E-05
442,608,น้ำแม่กวง,6,ปิง,0.008424637
443,611,แม่น้ำปิงส่วนที่ 2/4,6,ปิง,0.001220392
443,608,น้ำแม่กวง,6,ปิง,0.03152068
443,612,น้ำแม่ลี้,6,ปิง,1.86E-05
444,609,แม่น้ำปิงส่วนที่ 2/3,6,ปิง,0.005483864
444,611,แม่น้ำปิงส่วนที่ 2/4,6,ปิง,0.000109339
444,608,น้ำแม่กวง,6,ปิง,0.011017339
445,608,น้ำแม่กวง,6,ปิง,0.034497333
446,608,น้ำแม่กวง,6,ปิง,0.011584873
447,608,น้ำแม่กวง,6,ปิง,0.020076066
448,602,น้ำแม่งัด,6,ปิง,0.020454779
449,610,น้ำแม่ขาน,6,ปิง,0.04076626
450,607,แม่น้ำปิงส่วนที่ 2/2,6,ปิง,3.01E-05
450,610,น้ำแม่ขาน,6,ปิง,0.129564748
451,610,น้ำแม่ขาน,6,ปิง,0.025696293
452,607,แม่น้ำปิงส่วนที่ 2/2,6,ปิง,0.02812757
452,606,น้ำแม่ริม,6,ปิง,0.00079892
453,611,แม่น้ำปิงส่วนที่ 2/4,6,ปิง,0.0002228
453,608,น้ำแม่กวง,6,ปิง,2.38E-05
453,612,น้ำแม่ลี้,6,ปิง,0.078633436
454,612,น้ำแม่ลี้,6,ปิง,0.061120239
455,612,น้ำแม่ลี้,6,ปิง,0.025778723
456,612,น้ำแม่ลี้,6,ปิง,0.037713527
457,612,น้ำแม่ลี้,6,ปิง,0.077135144
458,612,น้ำแม่ลี้,6,ปิง,0.018078938
459,612,น้ำแม่ลี้,6,ปิง,0.032177159
460,618,แม่น้ำปิงส่วนที่ 3/3,6,ปิง,2.75E-05
460,612,น้ำแม่ลี้,6,ปิง,0.078131536
461,618,แม่น้ำปิงส่วนที่ 3/3,6,ปิง,6.94E-05
461,612,น้ำแม่ลี้,6,ปิง,0.067814499
462,618,แม่น้ำปิงส่วนที่ 3/3,6,ปิง,2.36E-05
462,612,น้ำแม่ลี้,6,ปิง,0.01734978
463,618,แม่น้ำปิงส่วนที่ 3/3,6,ปิง,6.94E-05
463,612,น้ำแม่ลี้,6,ปิง,0.088998596
464,618,แม่น้ำปิงส่วนที่ 3/3,6,ปิง,4.69E-05
464,612,น้ำแม่ลี้,6,ปิง,0.018708786
465,618,แม่น้ำปิงส่วนที่ 3/3,6,ปิง,2.60E-05
465,612,น้ำแม่ลี้,6,ปิง,0.08998637
466,612,น้ำแม่ลี้,6,ปิง,0.01390425
467,615,แม่น้ำปิงส่วนที่ 3/2,6,ปิง,0.000156335
467,618,แม่น้ำปิงส่วนที่ 3/3,6,ปิง,1.60E-05
467,612,น้ำแม่ลี้,6,ปิง,0.09531584
468,611,แม่น้ำปิงส่วนที่ 2/4,6,ปิง,0.000191668
468,615,แม่น้ำปิงส่วนที่ 3/2,6,ปิง,7.35E-05
468,612,น้ำแม่ลี้,6,ปิง,0.043263934
469,611,แม่น้ำปิงส่วนที่ 2/4,6,ปิง,0.00051779
469,613,แม่น้ำปิงส่วนที่ 3/1,6,ปิง,0.014816945
469,615,แม่น้ำปิงส่วนที่ 3/2,6,ปิง,9.93E-05
469,612,น้ำแม่ลี้,6,ปิง,0.027573746
470,609,แม่น้ำปิงส่วนที่ 2/3,6,ปิง,0.065378097
470,611,แม่น้ำปิงส่วนที่ 2/4,6,ปิง,0.186430113
470,608,น้ำแม่กวง,6,ปิง,7.51E-05
470,612,น้ำแม่ลี้,6,ปิง,0.000169682
471,615,แม่น้ำปิงส่วนที่ 3/2,6,ปิง,0.00022899
471,617,น้ำแม่แจ่มตอนล่าง,6,ปิง,0.019412512
472,615,แม่น้ำปิงส่วนที่ 3/2,6,ปิง,0.3430835
472,614,น้ำแม่กลาง,6,ปิง,0.000170405
472,612,น้ำแม่ลี้,6,ปิง,1.90E-05
473,615,แม่น้ำปิงส่วนที่ 3/2,6,ปิง,0.069817788
473,612,น้ำแม่ลี้,6,ปิง,1.44E-05
474,615,แม่น้ำปิงส่วนที่ 3/2,6,ปิง,0.04006896
474,612,น้ำแม่ลี้,6,ปิง,3.39E-05
475,615,แม่น้ำปิงส่วนที่ 3/2,6,ปิง,0.028879502
475,614,น้ำแม่กลาง,6,ปิง,6.90E-05
476,613,แม่น้ำปิงส่วนที่ 3/1,6,ปิง,0.639365385
476,615,แม่น้ำปิงส่วนที่ 3/2,6,ปิง,0.046355541
476,614,น้ำแม่กลาง,6,ปิง,0.002647168
476,612,น้ำแม่ลี้,6,ปิง,6.31E-05
477,615,แม่น้ำปิงส่วนที่ 3/2,6,ปิง,0.263111051
477,617,น้ำแม่แจ่มตอนล่าง,6,ปิง,8.81E-05
477,614,น้ำแม่กลาง,6,ปิง,0.000164643
478,615,แม่น้ำปิงส่วนที่ 3/2,6,ปิง,0.146675347
478,617,น้ำแม่แจ่มตอนล่าง,6,ปิง,0.001297685
478,612,น้ำแม่ลี้,6,ปิง,4.02E-06
479,615,แม่น้ำปิงส่วนที่ 3/2,6,ปิง,0.060320954
479,618,แม่น้ำปิงส่วนที่ 3/3,6,ปิง,0.002116788
479,612,น้ำแม่ลี้,6,ปิง,3.07E-06
480,617,น้ำแม่แจ่มตอนล่าง,6,ปิง,0.066412549
481,618,แม่น้ำปิงส่วนที่ 3/3,6,ปิง,5.67E-05
481,617,น้ำแม่แจ่มตอนล่าง,6,ปิง,0.032796623
482,618,แม่น้ำปิงส่วนที่ 3/3,6,ปิง,0.030563581
482,617,น้ำแม่แจ่มตอนล่าง,6,ปิง,0.000134556
483,618,แม่น้ำปิงส่วนที่ 3/3,6,ปิง,2.29E-05
483,617,น้ำแม่แจ่มตอนล่าง,6,ปิง,0.025384911
484,618,แม่น้ำปิงส่วนที่ 3/3,6,ปิง,0.017123015
484,617,น้ำแม่แจ่มตอนล่าง,6,ปิง,3.30E-05
485,617,น้ำแม่แจ่มตอนล่าง,6,ปิง,0.010501086
486,618,แม่น้ำปิงส่วนที่ 3/3,6,ปิง,0.027883986
486,617,น้ำแม่แจ่มตอนล่าง,6,ปิง,3.04E-06
487,618,แม่น้ำปิงส่วนที่ 3/3,6,ปิง,2.06E-05
487,617,น้ำแม่แจ่มตอนล่าง,6,ปิง,0.020064797
488,615,แม่น้ำปิงส่วนที่ 3/2,6,ปิง,0.00027308
488,618,แม่น้ำปิงส่วนที่ 3/3,6,ปิง,0.000151197
488,617,น้ำแม่แจ่มตอนล่าง,6,ปิง,0.031289163
489,615,แม่น้ำปิงส่วนที่ 3/2,6,ปิง,2.04E-05
489,618,แม่น้ำปิงส่วนที่ 3/3,6,ปิง,0.091907407
489,612,น้ำแม่ลี้,6,ปิง,0.000102614
490,615,แม่น้ำปิงส่วนที่ 3/2,6,ปิง,0.000344197
490,618,แม่น้ำปิงส่วนที่ 3/3,6,ปิง,0.050586913
490,617,น้ำแม่แจ่มตอนล่าง,6,ปิง,0.00015048
491,618,แม่น้ำปิงส่วนที่ 3/3,6,ปิง,0.018317044
492,620,น้ำแม่ตื่น,6,ปิง,0.026926259
493,618,แม่น้ำปิงส่วนที่ 3/3,6,ปิง,0.00019191
493,620,น้ำแม่ตื่น,6,ปิง,0.084160991
494,620,น้ำแม่ตื่น,6,ปิง,0.010288321
495,618,แม่น้ำปิงส่วนที่ 3/3,6,ปิง,0.092855625
495,620,น้ำแม่ตื่น,6,ปิง,0.000100762
496,620,น้ำแม่ตื่น,6,ปิง,0.012987793
497,620,น้ำแม่ตื่น,6,ปิง,0.019270048
498,618,แม่น้ำปิงส่วนที่ 3/3,6,ปิง,2.25E-06
498,619,แม่น้ำปิงส่วนที่ 3/4,6,ปิง,0.000271049
498,620,น้ำแม่ตื่น,6,ปิง,0.133009463
499,619,แม่น้ำปิงส่วนที่ 3/4,6,ปิง,2.41E-05
499,620,น้ำแม่ตื่น,6,ปิง,0.013429923
500,620,น้ำแม่ตื่น,6,ปิง,0.086220236
501,620,น้ำแม่ตื่น,6,ปิง,0.01083498
502,620,น้ำแม่ตื่น,6,ปิง,0.032554181
503,620,น้ำแม่ตื่น,6,ปิง,0.028653951
504,620,น้ำแม่ตื่น,6,ปิง,0.020353421
505,620,น้ำแม่ตื่น,6,ปิง,0.018738258
506,620,น้ำแม่ตื่น,6,ปิง,0.009877742
507,620,น้ำแม่ตื่น,6,ปิง,0.018747643
508,620,น้ำแม่ตื่น,6,ปิง,0.011916827
509,620,น้ำแม่ตื่น,6,ปิง,0.027850189
510,620,น้ำแม่ตื่น,6,ปิง,0.010065574
511,620,น้ำแม่ตื่น,6,ปิง,0.090968725
512,622,แม่น้ำปิงส่วนที่ 4/2,6,ปิง,0.000126908
512,620,น้ำแม่ตื่น,6,ปิง,2.03E-05
512,623,ห้วยแม่ท้อ,6,ปิง,0.261464027
513,622,แม่น้ำปิงส่วนที่ 4/2,6,ปิง,1.50E-05
513,620,น้ำแม่ตื่น,6,ปิง,0.046495037
513,623,ห้วยแม่ท้อ,6,ปิง,0.000187557
514,621,แม่น้ำปิงส่วนที่ 4/1,6,ปิง,0.000147293
514,622,แม่น้ำปิงส่วนที่ 4/2,6,ปิง,5.09E-05
514,620,น้ำแม่ตื่น,6,ปิง,0.040400199
515,620,น้ำแม่ตื่น,6,ปิง,0.015546905
516,619,แม่น้ำปิงส่วนที่ 3/4,6,ปิง,0.000158848
516,621,แม่น้ำปิงส่วนที่ 4/1,6,ปิง,0.000408079
516,620,น้ำแม่ตื่น,6,ปิง,0.176650001
517,620,น้ำแม่ตื่น,6,ปิง,0.017566809
518,618,แม่น้ำปิงส่วนที่ 3/3,6,ปิง,0.000119277
518,619,แม่น้ำปิงส่วนที่ 3/4,6,ปิง,0.172222324
518,620,น้ำแม่ตื่น,6,ปิง,3.56E-05
519,619,แม่น้ำปิงส่วนที่ 3/4,6,ปิง,0.103929972
519,620,น้ำแม่ตื่น,6,ปิง,6.75E-05
520,619,แม่น้ำปิงส่วนที่ 3/4,6,ปิง,0.064901408
520,620,น้ำแม่ตื่น,6,ปิง,1.45E-05
521,618,แม่น้ำปิงส่วนที่ 3/3,6,ปิง,0.092966798
521,619,แม่น้ำปิงส่วนที่ 3/4,6,ปิง,0.00016435
521,620,น้ำแม่ตื่น,6,ปิง,5.19E-05
522,618,แม่น้ำปิงส่วนที่ 3/3,6,ปิง,0.032329017
523,618,แม่น้ำปิงส่วนที่ 3/3,6,ปิง,0.070892456
523,612,น้ำแม่ลี้,6,ปิง,8.42E-05
524,618,แม่น้ำปิงส่วนที่ 3/3,6,ปิง,0.087942804
525,618,แม่น้ำปิงส่วนที่ 3/3,6,ปิง,0.043090752
525,619,แม่น้ำปิงส่วนที่ 3/4,6,ปิง,6.16E-06
525,612,น้ำแม่ลี้,6,ปิง,9.74E-06
526,618,แม่น้ำปิงส่วนที่ 3/3,6,ปิง,0.036482376
526,619,แม่น้ำปิงส่วนที่ 3/4,6,ปิง,2.35E-05
526,612,น้ำแม่ลี้,6,ปิง,8.74E-06
527,618,แม่น้ำปิงส่วนที่ 3/3,6,ปิง,0.091954326
527,619,แม่น้ำปิงส่วนที่ 3/4,6,ปิง,0.000364252
527,612,น้ำแม่ลี้,6,ปิง,0.000116006
528,618,แม่น้ำปิงส่วนที่ 3/3,6,ปิง,4.01E-05
528,619,แม่น้ำปิงส่วนที่ 3/4,6,ปิง,1.51E-06
528,612,น้ำแม่ลี้,6,ปิง,0.107180517
529,618,แม่น้ำปิงส่วนที่ 3/3,6,ปิง,8.99E-05
529,619,แม่น้ำปิงส่วนที่ 3/4,6,ปิง,0.265282833
529,621,แม่น้ำปิงส่วนที่ 4/1,6,ปิง,0.000279572
529,612,น้ำแม่ลี้,6,ปิง,6.90E-06
530,619,แม่น้ำปิงส่วนที่ 3/4,6,ปิง,0.114468567
530,621,แม่น้ำปิงส่วนที่ 4/1,6,ปิง,5.19E-05
531,619,แม่น้ำปิงส่วนที่ 3/4,6,ปิง,0.044561297
531,621,แม่น้ำปิงส่วนที่ 4/1,6,ปิง,0.23976172
531,620,น้ำแม่ตื่น,6,ปิง,0.005787727
532,619,แม่น้ำปิงส่วนที่ 3/4,6,ปิง,0.038385051
533,619,แม่น้ำปิงส่วนที่ 3/4,6,ปิง,0.034461601
534,618,แม่น้ำปิงส่วนที่ 3/3,6,ปิง,0.000149347
534,619,แม่น้ำปิงส่วนที่ 3/4,6,ปิง,0.156688666
535,618,แม่น้ำปิงส่วนที่ 3/3,6,ปิง,0.014297074
536,618,แม่น้ำปิงส่วนที่ 3/3,6,ปิง,0.028517072
536,617,น้ำแม่แจ่มตอนล่าง,6,ปิง,2.62E-05
537,618,แม่น้ำปิงส่วนที่ 3/3,6,ปิง,0.062752039
538,621,แม่น้ำปิงส่วนที่ 4/1,6,ปิง,0.053353607
539,621,แม่น้ำปิงส่วนที่ 4/1,6,ปิง,0.047011207
539,622,แม่น้ำปิงส่วนที่ 4/2,6,ปิง,3.97E-05
540,621,แม่น้ำปิงส่วนที่ 4/1,6,ปิง,0.011258813
540,622,แม่น้ำปิงส่วนที่ 4/2,6,ปิง,0.003066247
541,621,แม่น้ำปิงส่วนที่ 4/1,6,ปิง,0.000290944
541,622,แม่น้ำปิงส่วนที่ 4/2,6,ปิง,0.040583523
542,621,แม่น้ำปิงส่วนที่ 4/1,6,ปิง,0.000138549
542,622,แม่น้ำปิงส่วนที่ 4/2,6,ปิง,0.214357056
542,620,น้ำแม่ตื่น,6,ปิง,3.90E-05
542,623,ห้วยแม่ท้อ,6,ปิง,3.89E-05
543,627,คลองแม่ระกา,6,ปิง,0.058799724
544,622,แม่น้ำปิงส่วนที่ 4/2,6,ปิง,0.09558634
544,624,แม่น้ำปิงส่วนที่ 4/3,6,ปิง,0.000196578
544,627,คลองแม่ระกา,6,ปิง,0.000900752
545,622,แม่น้ำปิงส่วนที่ 4/2,6,ปิง,0.000255946
545,623,ห้วยแม่ท้อ,6,ปิง,0.370004053
546,623,ห้วยแม่ท้อ,6,ปิง,0.073257812
547,622,แม่น้ำปิงส่วนที่ 4/2,6,ปิง,0.113798139
547,623,ห้วยแม่ท้อ,6,ปิง,0.000144083
548,621,แม่น้ำปิงส่วนที่ 4/1,6,ปิง,2.34E-05
548,622,แม่น้ำปิงส่วนที่ 4/2,6,ปิง,0.070428306
549,622,แม่น้ำปิงส่วนที่ 4/2,6,ปิง,0.041519934
550,622,แม่น้ำปิงส่วนที่ 4/2,6,ปิง,0.062982361
551,622,แม่น้ำปิงส่วนที่ 4/2,6,ปิง,0.062347074
551,624,แม่น้ำปิงส่วนที่ 4/3,6,ปิง,0.001228048
551,627,คลองแม่ระกา,6,ปิง,7.59E-06
552,624,แม่น้ำปิงส่วนที่ 4/3,6,ปิง,0.000527386
552,623,ห้วยแม่ท้อ,6,ปิง,0.161373265
553,622,แม่น้ำปิงส่วนที่ 4/2,6,ปิง,0.00104305
553,624,แม่น้ำปิงส่วนที่ 4/3,6,ปิง,0.000593683
553,627,คลองแม่ระกา,6,ปิง,0.314238553
554,624,แม่น้ำปิงส่วนที่ 4/3,6,ปิง,0.004061465
554,626,แม่น้ำปิงส่วนที่ 4/4,6,ปิง,2.32E-05
554,627,คลองแม่ระกา,6,ปิง,0.153492586
555,628,แม่น้ำปิงส่วนที่ 4/5,6,ปิง,1.48E-06
555,627,คลองแม่ระกา,6,ปิง,0.122437822
556,624,แม่น้ำปิงส่วนที่ 4/3,6,ปิง,0.16156793
556,627,คลองแม่ระกา,6,ปิง,0.000605478
557,624,แม่น้ำปิงส่วนที่ 4/3,6,ปิง,0.115725243
557,625,คลองวังเจ้า,6,ปิง,0.000134117
557,623,ห้วยแม่ท้อ,6,ปิง,5.61E-05
558,624,แม่น้ำปิงส่วนที่ 4/3,6,ปิง,0.000511405
558,625,คลองวังเจ้า,6,ปิง,0.247763586
559,624,แม่น้ำปิงส่วนที่ 4/3,6,ปิง,0.097363599
560,626,แม่น้ำปิงส่วนที่ 4/4,6,ปิง,0.001443849
560,627,คลองแม่ระกา,6,ปิง,0.191866653
561,626,แม่น้ำปิงส่วนที่ 4/4,6,ปิง,0.004289444
561,627,คลองแม่ระกา,6,ปิง,0.039634427
562,624,แม่น้ำปิงส่วนที่ 4/3,6,ปิง,0.035008323
562,623,ห้วยแม่ท้อ,6,ปิง,4.12E-05
563,622,แม่น้ำปิงส่วนที่ 4/2,6,ปิง,1.13E-05
563,624,แม่น้ำปิงส่วนที่ 4/3,6,ปิง,0.000335795
563,623,ห้วยแม่ท้อ,6,ปิง,0.062359313
564,625,คลองวังเจ้า,6,ปิง,0.078906257
565,629,คลองสวนหมาก,6,ปิง,0.049193026
566,625,คลองวังเจ้า,6,ปิง,1.09E-05
566,629,คลองสวนหมาก,6,ปิง,0.055439759
567,625,คลองวังเจ้า,6,ปิง,0.06916279
567,629,คลองสวนหมาก,6,ปิง,6.98E-06
568,625,คลองวังเจ้า,6,ปิง,0.112921735
568,629,คลองสวนหมาก,6,ปิง,0.000138542
569,625,คลองวังเจ้า,6,ปิง,0.062072191
570,624,แม่น้ำปิงส่วนที่ 4/3,6,ปิง,0.084037906
570,626,แม่น้ำปิงส่วนที่ 4/4,6,ปิง,0.00101713
570,627,คลองแม่ระกา,6,ปิง,9.71E-05
571,624,แม่น้ำปิงส่วนที่ 4/3,6,ปิง,0.030596599
572,624,แม่น้ำปิงส่วนที่ 4/3,6,ปิง,0.171667493
572,625,คลองวังเจ้า,6,ปิง,9.92E-05
573,624,แม่น้ำปิงส่วนที่ 4/3,6,ปิง,0.000795132
573,625,คลองวังเจ้า,6,ปิง,0.089384031
574,625,คลองวังเจ้า,6,ปิง,0.037202773
575,626,แม่น้ำปิงส่วนที่ 4/4,6,ปิง,0.001609729
575,628,แม่น้ำปิงส่วนที่ 4/5,6,ปิง,0.277793123
575,625,คลองวังเจ้า,6,ปิง,3.01E-07
575,629,คลองสวนหมาก,6,ปิง,0.000131926
576,626,แม่น้ำปิงส่วนที่ 4/4,6,ปิง,0.018518641
576,628,แม่น้ำปิงส่วนที่ 4/5,6,ปิง,0.057110165
577,628,แม่น้ำปิงส่วนที่ 4/5,6,ปิง,0.122568126
577,629,คลองสวนหมาก,6,ปิง,0.001869197
578,626,แม่น้ำปิงส่วนที่ 4/4,6,ปิง,0.002851496
578,628,แม่น้ำปิงส่วนที่ 4/5,6,ปิง,0.063188905
578,627,คลองแม่ระกา,6,ปิง,0.001954821
579,630,แม่น้ำปิงตอนล่าง,6,ปิง,0.028628241
580,630,แม่น้ำปิงตอนล่าง,6,ปิง,0.024888003
581,630,แม่น้ำปิงตอนล่าง,6,ปิง,0.014215961
582,630,แม่น้ำปิงตอนล่าง,6,ปิง,0.011507278
583,630,แม่น้ำปิงตอนล่าง,6,ปิง,0.00898733
584,630,แม่น้ำปิงตอนล่าง,6,ปิง,0.008649039
584,629,คลองสวนหมาก,6,ปิง,9.58E-05
585,630,แม่น้ำปิงตอนล่าง,6,ปิง,0.00147461
585,629,คลองสวนหมาก,6,ปิง,2.18E-05
586,630,แม่น้ำปิงตอนล่าง,6,ปิง,4.05E-05
586,629,คลองสวนหมาก,6,ปิง,0.015319029
587,630,แม่น้ำปิงตอนล่าง,6,ปิง,0.072497707
587,629,คลองสวนหมาก,6,ปิง,0.000143339
588,629,คลองสวนหมาก,6,ปิง,0.007726655
589,625,คลองวังเจ้า,6,ปิง,0.000247023
589,629,คลองสวนหมาก,6,ปิง,0.100591715
590,625,คลองวังเจ้า,6,ปิง,8.21E-05
590,629,คลองสวนหมาก,6,ปิง,0.048694112
591,630,แม่น้ำปิงตอนล่าง,6,ปิง,6.55E-05
591,629,คลองสวนหมาก,6,ปิง,0.052973242
592,630,แม่น้ำปิงตอนล่าง,6,ปิง,0.021543255
593,630,แม่น้ำปิงตอนล่าง,6,ปิง,0.016044939
594,630,แม่น้ำปิงตอนล่าง,6,ปิง,0.040378496
595,630,แม่น้ำปิงตอนล่าง,6,ปิง,0.003591187
596,630,แม่น้ำปิงตอนล่าง,6,ปิง,5.80E-06
596,629,คลองสวนหมาก,6,ปิง,0.027129553
597,630,แม่น้ำปิงตอนล่าง,6,ปิง,0.028594296
598,630,แม่น้ำปิงตอนล่าง,6,ปิง,0.000689323
599,630,แม่น้ำปิงตอนล่าง,6,ปิง,0.000709546
600,630,แม่น้ำปิงตอนล่าง,6,ปิง,0.028831381
600,629,คลองสวนหมาก,6,ปิง,2.29E-05
601,630,แม่น้ำปิงตอนล่าง,6,ปิง,2.09E-05
601,629,คลองสวนหมาก,6,ปิง,0.10736389
602,630,แม่น้ำปิงตอนล่าง,6,ปิง,0.014613492
603,630,แม่น้ำปิงตอนล่าง,6,ปิง,0.015427962
604,630,แม่น้ำปิงตอนล่าง,6,ปิง,0.007499853
605,604,แม่น้ำแม่แตง,6,ปิง,3.66E-05
605,603,แม่น้ำปิงตอนบนส่วนที่ 2,6,ปิง,0.000463022
605,605,แม่น้ำปิงส่วนที่ 2/1,6,ปิง,0.035937904
606,605,แม่น้ำปิงส่วนที่ 2/1,6,ปิง,0.011331498
606,606,น้ำแม่ริม,6,ปิง,0.013444002
607,607,แม่น้ำปิงส่วนที่ 2/2,6,ปิง,0.003129411
608,607,แม่น้ำปิงส่วนที่ 2/2,6,ปิง,0.00035798
608,608,น้ำแม่กวง,6,ปิง,0.002516095
609,608,น้ำแม่กวง,6,ปิง,0.002065732
610,622,แม่น้ำปิงส่วนที่ 4/2,6,ปิง,0.000370042
611,624,แม่น้ำปิงส่วนที่ 4/3,6,ปิง,0.000134513
611,626,แม่น้ำปิงส่วนที่ 4/4,6,ปิง,0.049156749
611,625,คลองวังเจ้า,6,ปิง,0.000124422
612,626,แม่น้ำปิงส่วนที่ 4/4,6,ปิง,0.021580505
612,627,คลองแม่ระกา,6,ปิง,0.00079312
